sigma,mean,meanErr,tomeanErr
0.14466800523547546,314.04330645019525,0.025688364668809725,0.146931017209333
0.14387789490313074,335.07326949599167,0.005364076495798059,0.1439778523190602
0.18446427895873302,365.9494156329983,0.013053311887851495,0.18492555032500727
0.1744444582316591,367.2276207028713,0.011738598974427904,0.174838965089649
0.1660147365122141,405.4562990548473,0.005546227277677341,0.16610735497332899
0.17404225952394528,408.57094917389605,0.00719988491277577,0.17419112044808008
0.16034849955165076,436.54926195778296,0.005856861980532523,0.1604554272710174
