sigma,mean,meanErr
0.3931009241319473,313.8724371843337,0.05792335529534706
0.18691819199184553,365.9506109508735,0.0029199556191017956
0.18691731377616408,365.950610362709,0.0075685322675564
-0.1661091025540174,405.4563234772582,0.0014158258354622037
0.174513824442297,408.57099600701974,0.004801252718750048
0.16059167101781666,436.54935608126823,0.0029338733873933032
